passengerId,numberOfFlights,firstName,lastName
392,22,Cory,Ebonie
1677,27,Katherina,Vasiliki
167,22,Mona,Kassandra
1337,23,Kirby,Melvin
763,21,Will,Chanelle
6060,21,Delisa,Elisha
5423,22,Sirena,Nigel
3173,26,Sunshine,Scott
3112,21,Madie,Winona
9441,23,Annalisa,Luanna
4632,21,Jacklyn,Christia
3180,22,Yvette,Peter
288,25,Pamila,Mavis
398,21,Mario,Trinh
5867,25,Luise,Raymond
1343,24,Bennett,Staci
649,20,Doreen,Raymond
1240,24,Catherine,Missy
4774,20,Myles,Ivan
4249,21,Chi,Valeri
1818,20,Marlon,Towanda
5007,21,Laticia,Katherine
3590,23,Isiah,Tyler
1598,23,Amelia,Betsey
435,21,Tiffani,Frances
2437,22,Charlyn,Wynona
2441,24,Kayla,Rufus
1651,21,Alex,Annabelle
7832,20,Wendi,Muoi
7662,20,Kayce,Dorethea
9540,21,Rhoda,Gavin
3802,20,Gwyn,Cherish
5560,21,Lang,Johnie
5096,25,Blythe,Hyon
905,21,Terrie,Gisela
437,21,Kelli,Roger
1769,22,Lisha,Delmer
5416,21,Chin,Claretta
7643,23,Albina,Joni
2185,21,Rae,Chas
1581,21,Marx,Artie
5490,22,Toni,Winnifred
3332,21,Kiara,Donnie
2467,20,Abe,Rosalia
6447,22,Brigitte,Jodie
1029,20,Donita,Katrina
281,23,Sage,Fernanda
6084,25,Cole,Sharyl
5332,23,Bobette,Laurice
3589,20,Lee,Ben
366,23,Carman,Meghan
4034,22,Thalia,Maurice
8363,25,Branda,Kimiko
4611,22,Cristi,Eugenia
4496,20,Lilian,Suzi
2717,23,Shannon,Marlyn
7162,22,Alfonso,Dinah
739,22,Sadye,Rhea
3078,22,Laquita,Kate
6777,21,Tamara,Terresa
4552,21,Mayme,Luvenia
917,25,Anisha,Alaine
1413,22,Carlee,Timmy
5668,24,Gladis,Earlene
760,25,Vernia,Mui
1673,23,Jeanie,Gladis
8961,26,Ginny,Clara
9252,22,Angella,Margret
4502,21,Thea,Yolando
1464,21,Margherita,Arica
2734,20,Otha,Genoveva
258,22,Emmaline,Marcelle
211,23,Lori,Jeremiah
848,21,Marya,Eliana
350,22,Annemarie,Nilsa
8353,23,Davis,Williams
2926,21,Vicky,Patrica
2939,22,Jaleesa,Clement
3309,20,Ellen,Trang
2378,20,Berenice,Eladia
391,22,Carolynn,Enola
3405,23,Johna,Ollie
2544,20,Annamae,Marva
2254,21,Angelina,Gracia
8411,23,Juliann,Cheryll
2857,25,Son,Ginette
4399,21,Kevin,Nicole
4056,23,Dagmar,Marilee
3367,24,Priscilla,Corie
2516,21,Tamar,Claretta
613,23,Palmer,Yuonne
1982,21,Izetta,Marjorie
2251,23,Gussie,Temple
4827,27,Jaime,Renay
798,22,Ramiro,Terisa
3867,20,Nida,Darcey
364,21,Donya,Stephan
2068,32,Yolande,Pete
3093,23,Theda,Rodrick
5775,20,Mozella,Essie
